2025-11-06T04:22:09.787Z,http://nohara-inc.co.jp/,https://nohara-inc.co.jp/contactus/,70,success,false,,,
2025-11-06T04:22:19.837Z,http://mimaen.co.jp/,http://mimaen.co.jp/contact/,70,error,false,,,submit-error
2025-11-06T04:22:20.764Z,http://orylab.com/,http://orylab.com/contact,54,error,false,,,submit-error
2025-11-06T04:22:20.781Z,http://id-entity.jp/,http://id-entity.jp/contact,70,error,false,,,submit-error
2025-11-06T04:23:29.859Z,http://nohara-inc.co.jp/,https://nohara-inc.co.jp/contactus/,70,error,false,,,submit-error
2025-11-06T04:23:52.174Z,http://mimaen.co.jp/,http://mimaen.co.jp/contact/,70,error,false,,,submit-error
2025-11-06T04:24:13.323Z,http://orylab.com/,http://orylab.com/contact,54,error,false,,,submit-error
2025-11-06T04:24:34.552Z,http://id-entity.jp/,http://id-entity.jp/contact,70,error,false,,,submit-error
2025-11-06T04:26:15.429Z,http://nohara-inc.co.jp/,https://nohara-inc.co.jp/contactus/,70,error,false,,,submit-error
2025-11-06T04:26:15.439Z,http://mimaen.co.jp/,http://mimaen.co.jp/contact/,70,error,false,,,submit-error
2025-11-06T04:26:15.440Z,http://orylab.com/,http://orylab.com/contact,54,error,false,,,submit-error
2025-11-06T04:26:15.441Z,http://id-entity.jp/,https://stream-data.co.jp,70,error,false,,,submit-error
2025-11-06T04:26:47.711Z,http://id-entity.jp/,https://stream-data.co.jp,70,error,false,,,submit-error
2025-11-06T04:28:08.529Z,http://id-entity.jp/,https://stream-data.co.jp,70,error,false,,,submit-error
